Id,ArrivalDate,InvoiceNumber,ShippingLotId,ShippingMethodId,ShippingNumber,UserId,VenderId
1,12/15/2020,3.54211E+15,1,4,SN0000001,1,329
2,07/13/2020,6.04054E+14,2,2,SN0000002,1,429
3,06/17/2020,6.30404E+15,3,5,SN0000003,1,217
4,03/09/2020,3.37942E+14,4,3,SN0000004,1,106
5,06/10/2020,3.58595E+15,5,5,SN0000005,1,231
6,04/05/2020,5.60225E+16,6,2,SN0000006,1,261
7,01/27/2021,,7,4,SN0000007,1,283
8,07/26/2020,,8,1,SN0000008,1,72
9,04/27/2020,,9,4,SN0000009,1,162
10,05/31/2020,,10,5,SN0000010,1,303
11,11/20/2020,,11,2,SN0000011,1,113
12,04/01/2020,,12,4,SN0000012,1,30
13,11/19/2020,,13,3,SN0000013,1,336
14,07/27/2020,,14,2,SN0000014,1,191
15,08/08/2020,,15,4,SN0000015,1,398
16,01/18/2021,,16,3,SN0000016,1,543
17,08/26/2020,,17,5,SN0000017,1,234
18,06/16/2020,,18,2,SN0000018,1,334
19,06/17/2020,,19,1,SN0000019,1,511
20,02/28/2021,,20,3,SN0000020,1,156
21,02/19/2021,5.60225E+15,21,3,SN0000021,1,307
22,11/18/2020,6.3311E+17,22,3,SN0000022,1,124
23,10/02/2020,5.60222E+15,23,2,SN0000023,1,544
24,04/25/2020,5.60226E+15,24,5,SN0000024,1,88
25,02/01/2021,5.60223E+17,25,2,SN0000025,1,228
26,08/06/2020,3.55874E+15,26,2,SN0000026,1,71
27,10/02/2020,3.53522E+15,27,5,SN0000027,1,485
28,03/02/2021,3.56015E+15,28,5,SN0000028,1,239
29,04/19/2020,3.54319E+15,29,5,SN0000029,1,420
30,07/03/2020,3.56471E+15,30,4,SN0000030,1,50
31,03/24/2020,6.76764E+15,31,3,SN0000031,1,61
32,12/08/2020,5.10875E+15,32,3,SN0000032,1,427
33,08/06/2020,6.76718E+18,33,4,SN0000033,1,372
34,06/29/2020,3.04844E+13,34,3,SN0000034,1,130
35,09/14/2020,3.56614E+15,35,4,SN0000035,1,495
36,01/18/2021,5.13386E+15,36,3,SN0000036,1,496
37,09/25/2020,3.57508E+15,37,2,SN0000037,1,434
38,08/15/2020,5.60222E+15,38,3,SN0000038,1,148
39,06/13/2020,6.30402E+15,39,4,SN0000039,1,306
40,11/02/2020,6.39947E+15,40,1,SN0000040,1,83
41,10/08/2020,3.55247E+15,41,3,SN0000041,1,136
42,06/14/2020,3.54422E+15,42,2,SN0000042,1,449
43,02/05/2021,3.5475E+15,43,3,SN0000043,1,395
44,08/28/2020,3.55542E+15,44,2,SN0000044,1,92
45,10/20/2020,5.60223E+15,45,5,SN0000045,1,406
46,11/22/2020,6.76737E+15,46,3,SN0000046,1,137
47,12/28/2020,3.5453E+15,47,3,SN0000047,1,504
48,12/10/2020,3.53409E+15,48,1,SN0000048,1,385
49,09/23/2020,5.01013E+15,49,2,SN0000049,1,259
50,04/23/2020,6.39773E+15,50,3,SN0000050,1,537
51,03/23/2020,3.58407E+15,51,1,SN0000051,1,334
52,12/30/2020,3.55337E+15,52,5,SN0000052,1,13
53,01/20/2021,3.54737E+15,53,2,SN0000053,1,501
54,06/27/2020,,54,1,SN0000054,1,134
55,05/05/2020,,55,4,SN0000055,1,248
56,10/21/2020,,56,2,SN0000056,1,144
57,05/28/2020,,57,2,SN0000057,1,190
58,11/19/2020,,58,4,SN0000058,1,209
59,12/08/2020,,59,4,SN0000059,1,476
60,10/24/2020,,60,1,SN0000060,1,527
61,01/15/2021,,61,4,SN0000061,1,550
62,07/12/2020,,62,3,SN0000062,1,470
63,01/22/2021,,63,1,SN0000063,1,419
64,10/15/2020,,64,4,SN0000064,1,317
65,07/14/2020,,65,4,SN0000065,1,332
66,12/19/2020,,66,1,SN0000066,1,508
67,07/23/2020,,67,3,SN0000067,1,244
68,06/03/2020,,68,4,SN0000068,1,85
69,11/11/2020,,69,4,SN0000069,1,163
70,01/11/2021,,70,3,SN0000070,1,107
71,05/30/2020,,71,1,SN0000071,1,155
72,07/03/2020,,72,5,SN0000072,1,383
73,05/09/2020,,73,4,SN0000073,1,196
74,10/04/2020,,74,4,SN0000074,1,499
75,05/24/2020,,75,3,SN0000075,1,50
76,04/24/2020,,76,1,SN0000076,1,324
77,03/18/2020,,77,4,SN0000077,1,315
78,03/14/2020,,78,3,SN0000078,1,229
79,05/10/2020,,79,3,SN0000079,1,76
80,01/14/2021,,80,4,SN0000080,1,420
81,04/28/2020,,81,5,SN0000081,1,322
82,12/31/2020,,82,5,SN0000082,1,373
83,10/12/2020,,83,5,SN0000083,1,470
84,10/11/2020,,84,2,SN0000084,1,237
85,04/16/2020,,85,2,SN0000085,1,476
86,04/09/2020,,86,4,SN0000086,1,116
87,07/17/2020,,87,5,SN0000087,1,328
88,10/22/2020,,88,3,SN0000088,1,100
89,06/01/2020,,89,5,SN0000089,1,530
90,09/12/2020,,90,2,SN0000090,1,405
91,02/15/2021,,91,4,SN0000091,1,29
92,09/19/2020,,92,4,SN0000092,1,304
93,12/11/2020,,93,3,SN0000093,1,400
94,11/01/2020,,94,2,SN0000094,1,552
95,09/28/2020,,95,3,SN0000095,1,504
96,07/21/2020,,96,3,SN0000096,1,450
97,06/29/2020,,97,1,SN0000097,1,146
98,01/28/2021,,98,3,SN0000098,1,116
99,10/07/2020,,99,4,SN0000099,1,362
100,08/02/2020,,100,2,SN0000100,1,473
101,09/07/2020,,101,1,SN0000101,1,307
102,10/11/2020,,102,4,SN0000102,1,193
103,08/04/2020,,103,2,SN0000103,1,68
104,10/14/2020,,104,4,SN0000104,1,178
105,08/23/2020,,105,1,SN0000105,1,107
106,04/04/2020,,106,5,SN0000106,1,246
107,12/16/2020,,107,2,SN0000107,1,123
108,01/05/2021,,108,5,SN0000108,1,435
109,04/08/2020,,109,1,SN0000109,1,201
110,07/06/2020,,110,4,SN0000110,1,39
111,08/03/2020,,111,4,SN0000111,1,12
112,11/02/2020,,112,2,SN0000112,1,27
113,05/30/2020,,113,1,SN0000113,1,560
114,05/16/2020,,114,5,SN0000114,1,462
115,11/20/2020,,115,3,SN0000115,1,140
116,05/18/2020,,116,1,SN0000116,1,287
117,08/01/2020,,117,4,SN0000117,1,123
118,07/14/2020,,118,2,SN0000118,1,418
119,02/13/2021,,119,5,SN0000119,1,336
120,08/27/2020,,120,5,SN0000120,1,485
121,03/16/2020,,121,3,SN0000121,1,376
122,05/20/2020,,122,1,SN0000122,1,65
123,08/15/2020,,123,3,SN0000123,1,32
124,03/05/2020,,124,5,SN0000124,1,45
125,11/09/2020,,125,1,SN0000125,1,190
126,05/20/2020,,126,4,SN0000126,1,300
127,06/25/2020,,127,4,SN0000127,1,445
128,12/09/2020,,128,3,SN0000128,1,296
129,06/09/2020,,129,4,SN0000129,1,55
130,09/04/2020,,130,2,SN0000130,1,346
131,06/16/2020,,131,3,SN0000131,1,497
132,03/17/2020,,132,3,SN0000132,1,487
133,11/08/2020,,133,1,SN0000133,1,377
134,06/06/2020,,134,4,SN0000134,1,394
135,10/29/2020,,135,1,SN0000135,1,164
136,09/29/2020,,136,3,SN0000136,1,272
137,06/07/2020,,137,3,SN0000137,1,506
138,05/20/2020,,138,4,SN0000138,1,330
139,11/10/2020,,139,4,SN0000139,1,413
140,01/05/2021,,140,1,SN0000140,1,228
141,12/12/2020,,141,3,SN0000141,1,231
142,07/01/2020,,142,2,SN0000142,1,241
143,10/22/2020,,143,4,SN0000143,1,530
144,11/11/2020,,144,2,SN0000144,1,543
145,11/08/2020,,145,4,SN0000145,1,29
146,07/06/2020,,146,5,SN0000146,1,240
147,06/23/2020,,147,2,SN0000147,1,5
148,11/29/2020,,148,3,SN0000148,1,369
149,12/11/2020,,149,4,SN0000149,1,90
150,10/22/2020,,150,3,SN0000150,1,91
151,06/16/2020,,151,4,SN0000151,1,291
152,12/21/2020,,152,5,SN0000152,1,227
153,06/14/2020,,153,1,SN0000153,1,243
154,06/02/2020,,154,5,SN0000154,1,161
155,01/14/2021,,155,1,SN0000155,1,415
156,07/28/2020,,156,4,SN0000156,1,326
157,02/02/2021,,157,3,SN0000157,1,327
158,09/04/2020,,158,1,SN0000158,1,187
159,03/02/2021,,159,4,SN0000159,1,36
160,12/14/2020,,160,5,SN0000160,1,455
161,06/26/2020,,161,3,SN0000161,1,413
162,02/14/2021,,162,4,SN0000162,1,358
163,12/11/2020,,163,5,SN0000163,1,222
164,07/15/2020,,164,3,SN0000164,1,446
165,10/26/2020,,165,5,SN0000165,1,505
166,11/24/2020,,166,1,SN0000166,1,166
167,03/25/2020,,167,4,SN0000167,1,91
168,06/05/2020,,168,5,SN0000168,1,66
169,01/03/2021,,169,3,SN0000169,1,210
170,04/28/2020,,170,2,SN0000170,1,242
171,08/08/2020,,171,4,SN0000171,1,449
172,09/01/2020,,172,5,SN0000172,1,131
173,09/16/2020,,173,2,SN0000173,1,451
174,11/08/2020,,174,2,SN0000174,1,285
175,07/22/2020,,175,3,SN0000175,1,534
176,05/10/2020,,176,1,SN0000176,1,470
177,04/16/2020,,177,5,SN0000177,1,139
178,02/26/2021,,178,5,SN0000178,1,247
179,11/07/2020,,179,1,SN0000179,1,357
180,09/18/2020,,180,3,SN0000180,1,409
181,08/03/2020,,181,4,SN0000181,1,271
182,12/24/2020,,182,3,SN0000182,1,360
183,08/13/2020,,183,1,SN0000183,1,28
184,03/23/2020,,184,2,SN0000184,1,254
185,12/03/2020,,185,4,SN0000185,1,378
186,09/16/2020,,186,1,SN0000186,1,19
187,04/20/2020,,187,1,SN0000187,1,502
188,01/26/2021,,188,3,SN0000188,1,356
189,08/02/2020,,189,4,SN0000189,1,127
190,08/22/2020,,190,3,SN0000190,1,331
191,02/21/2021,,191,2,SN0000191,1,66
192,06/10/2020,,192,1,SN0000192,1,558
193,12/24/2020,,193,1,SN0000193,1,152
194,01/21/2021,,194,1,SN0000194,1,424
195,02/17/2021,,195,3,SN0000195,1,322
196,09/16/2020,,196,1,SN0000196,1,498
197,04/07/2020,3.57914E+15,197,3,SN0000197,1,146
198,09/24/2020,3.58093E+15,198,1,SN0000198,1,259
199,09/26/2020,4.01796E+15,199,3,SN0000199,1,80
200,04/23/2020,3.74283E+14,200,3,SN0000200,1,516
201,08/25/2020,5.60223E+18,201,2,SN0000201,1,469
202,07/11/2020,3.55271E+15,202,3,SN0000202,1,81
203,06/02/2020,5.60222E+15,203,1,SN0000203,1,556
204,04/22/2020,3.5788E+15,204,5,SN0000204,1,73
205,10/31/2020,4.33861E+12,205,5,SN0000205,1,312
206,11/18/2020,3.58771E+15,206,5,SN0000206,1,39
207,02/12/2021,2.01966E+14,207,4,SN0000207,1,82
208,01/23/2021,6.37954E+15,208,2,SN0000208,1,537
209,07/01/2020,3.72974E+14,209,3,SN0000209,1,54
210,05/16/2020,5.04838E+15,210,1,SN0000210,1,281
211,11/14/2020,5.39477E+15,211,4,SN0000211,1,256
212,02/02/2021,4.50895E+15,212,2,SN0000212,1,310
213,01/16/2021,3.56722E+15,213,3,SN0000213,1,389
214,05/14/2020,4.40555E+15,214,2,SN0000214,1,12
215,04/19/2020,5.00767E+15,215,5,SN0000215,1,34
216,04/02/2020,5.10014E+15,216,4,SN0000216,1,411
217,05/07/2020,5.46908E+15,217,1,SN0000217,1,493
218,01/11/2021,4.90584E+18,218,3,SN0000218,1,90
219,12/21/2020,3.53275E+15,219,3,SN0000219,1,343
220,12/27/2020,6.76797E+17,220,1,SN0000220,1,542
221,04/26/2020,4.93656E+18,221,2,SN0000221,1,325
222,02/11/2021,3.56742E+15,222,1,SN0000222,1,21
223,12/07/2020,2.01869E+14,223,1,SN0000223,1,394
224,05/10/2020,4.90578E+17,224,5,SN0000224,1,467
225,05/09/2020,5.04838E+15,225,1,SN0000225,1,547
226,09/27/2020,6.39621E+15,226,1,SN0000226,1,513
227,02/10/2021,5.43097E+15,227,2,SN0000227,1,61
228,11/10/2020,6.76119E+16,228,3,SN0000228,1,483
229,03/22/2020,3.56466E+15,229,1,SN0000229,1,252
230,06/09/2020,5.00236E+15,230,4,SN0000230,1,203
231,03/18/2020,3.54465E+15,231,4,SN0000231,1,386
232,01/24/2021,6.37129E+15,232,5,SN0000232,1,317
233,06/14/2020,3.58682E+15,233,1,SN0000233,1,14
234,04/09/2020,5.10876E+15,234,5,SN0000234,1,96
235,02/24/2021,5.10015E+15,235,1,SN0000235,1,271
236,03/28/2020,5.3478E+15,236,1,SN0000236,1,200
237,02/15/2021,5.10875E+15,237,1,SN0000237,1,442
238,05/06/2020,6.33468E+17,238,3,SN0000238,1,273
239,11/15/2020,3.53466E+15,239,1,SN0000239,1,398
240,01/03/2021,6.7711E+15,240,4,SN0000240,1,186
241,09/01/2020,6.37614E+15,241,4,SN0000241,1,4
242,11/30/2020,5.37348E+15,242,1,SN0000242,1,565
243,05/09/2020,3.53009E+15,243,3,SN0000243,1,204
244,06/23/2020,5.10018E+15,244,2,SN0000244,1,158
245,06/21/2020,3.01321E+13,245,5,SN0000245,1,26
246,12/08/2020,5.43952E+15,246,5,SN0000246,1,441
247,09/27/2020,3.55818E+15,247,3,SN0000247,1,290
248,07/19/2020,6.38649E+15,248,4,SN0000248,1,8
249,08/20/2020,4.84491E+15,249,5,SN0000249,1,408
250,02/18/2021,3.74289E+14,250,1,SN0000250,1,366
251,03/28/2020,3.57122E+15,251,1,SN0000251,1,89
252,06/10/2020,4.50818E+15,252,1,SN0000252,1,328
253,01/01/2021,3.55595E+15,253,2,SN0000253,1,415
254,01/12/2021,3.03639E+13,254,2,SN0000254,1,316
255,05/21/2020,5.60224E+15,255,5,SN0000255,1,564
256,02/20/2021,5.44172E+15,256,3,SN0000256,1,326
257,12/27/2020,6.3945E+15,257,4,SN0000257,1,146
258,06/12/2020,3.547E+15,258,5,SN0000258,1,330
259,06/30/2020,6.30448E+18,259,4,SN0000259,1,461
260,05/04/2020,3.55594E+15,260,4,SN0000260,1,348
261,09/30/2020,5.64183E+15,261,1,SN0000261,1,429
262,01/30/2021,6.76721E+17,262,4,SN0000262,1,249
263,01/26/2021,3.55196E+15,263,1,SN0000263,1,203
264,05/17/2020,4.91333E+15,264,3,SN0000264,1,93
265,11/17/2020,6.76742E+18,265,2,SN0000265,1,233
266,02/25/2021,5.64183E+18,266,2,SN0000266,1,102
267,12/19/2020,5.60224E+15,267,4,SN0000267,1,537
268,12/21/2020,3.56279E+15,268,1,SN0000268,1,293
269,03/22/2020,3.58677E+15,269,4,SN0000269,1,185
270,02/05/2021,3.56703E+15,270,1,SN0000270,1,182
271,05/25/2020,5.0186E+18,271,1,SN0000271,1,510
272,03/31/2020,3.55907E+15,272,1,SN0000272,1,244
273,04/08/2020,3.54568E+15,273,4,SN0000273,1,271
274,11/21/2020,6.70956E+18,274,2,SN0000274,1,468
275,04/17/2020,6.30459E+17,275,1,SN0000275,1,432
276,08/02/2020,3.58985E+15,276,4,SN0000276,1,481
277,04/19/2020,3.58379E+15,277,1,SN0000277,1,134
278,07/11/2020,3.53665E+15,278,3,SN0000278,1,186
279,06/17/2020,3.54309E+15,279,1,SN0000279,1,248
280,12/16/2020,5.28996E+15,280,1,SN0000280,1,50
281,02/16/2021,5.60224E+15,281,4,SN0000281,1,62
282,11/05/2020,3.05534E+13,282,3,SN0000282,1,168
283,10/04/2020,3.58711E+15,283,3,SN0000283,1,272
284,07/21/2020,3.52979E+15,284,1,SN0000284,1,234
285,11/23/2020,3.5619E+15,285,1,SN0000285,1,137
286,08/09/2020,3.01794E+13,286,4,SN0000286,1,339
287,12/04/2020,4.04138E+12,287,3,SN0000287,1,432
288,02/06/2021,3.54247E+15,288,1,SN0000288,1,340
289,12/06/2020,3.56758E+15,289,3,SN0000289,1,10
290,03/17/2020,5.4029E+15,290,4,SN0000290,1,272
291,01/31/2021,3.56212E+15,291,1,SN0000291,1,222
292,11/08/2020,4.91754E+15,292,4,SN0000292,1,450
293,07/01/2020,3.53683E+15,293,3,SN0000293,1,322
294,02/05/2021,3.37941E+14,294,3,SN0000294,1,383
295,04/21/2020,5.60225E+18,295,5,SN0000295,1,162
296,10/10/2020,3.74289E+14,296,4,SN0000296,1,333
297,07/15/2020,3.56119E+15,297,3,SN0000297,1,253
298,09/16/2020,5.20463E+15,298,3,SN0000298,1,496
299,07/06/2020,3.57721E+15,299,4,SN0000299,1,46
300,09/14/2020,6.33416E+18,300,4,SN0000300,1,500
301,01/15/2021,3.53646E+15,301,4,SN0000301,1,58
302,10/12/2020,3.5635E+15,302,1,SN0000302,1,200
303,01/07/2021,3.58857E+15,303,5,SN0000303,1,466
304,08/22/2020,5.60222E+15,304,4,SN0000304,1,492
305,06/18/2020,3.53696E+15,305,5,SN0000305,1,62
306,12/03/2020,3.53083E+15,306,2,SN0000306,1,530
307,06/26/2020,3.72301E+14,307,5,SN0000307,1,460
308,07/18/2020,6.37225E+15,308,2,SN0000308,1,110
309,11/01/2020,3.04463E+13,309,4,SN0000309,1,298
310,01/30/2021,3.5699E+15,310,1,SN0000310,1,563
311,09/22/2020,,311,2,SN0000311,1,458
312,09/25/2020,,312,2,SN0000312,1,45
313,10/09/2020,,313,5,SN0000313,1,284
314,08/15/2020,,314,3,SN0000314,1,240
315,11/13/2020,,315,3,SN0000315,1,118
316,03/06/2020,,316,4,SN0000316,1,407
317,05/15/2020,,317,5,SN0000317,1,276
318,10/18/2020,,318,2,SN0000318,1,430
319,09/06/2020,,319,3,SN0000319,1,508
320,10/21/2020,,320,1,SN0000320,1,152
321,06/25/2020,,321,5,SN0000321,1,37
322,11/01/2020,,322,3,SN0000322,1,15
323,04/23/2020,,323,5,SN0000323,1,297
324,12/17/2020,,324,1,SN0000324,1,489
325,11/02/2020,,325,4,SN0000325,1,8
326,01/08/2021,,326,2,SN0000326,1,304
327,01/16/2021,,327,4,SN0000327,1,401
328,11/01/2020,,328,5,SN0000328,1,457
329,11/30/2020,,329,5,SN0000329,1,28
330,02/01/2021,,330,3,SN0000330,1,54
331,06/01/2020,,331,2,SN0000331,1,420
332,11/24/2020,,332,4,SN0000332,1,484
333,04/07/2020,,333,4,SN0000333,1,279
334,10/29/2020,,334,4,SN0000334,1,413
335,04/30/2020,,335,5,SN0000335,1,510
336,04/07/2020,,336,1,SN0000336,1,301
337,12/09/2020,,337,1,SN0000337,1,211
338,04/09/2020,,338,4,SN0000338,1,388
339,10/06/2020,,339,5,SN0000339,1,375
340,06/29/2020,,340,4,SN0000340,1,59
341,11/15/2020,,341,4,SN0000341,1,106
342,12/10/2020,,342,1,SN0000342,1,117
343,04/22/2020,,343,4,SN0000343,1,90
344,08/03/2020,,344,5,SN0000344,1,13
345,11/27/2020,,345,4,SN0000345,1,176
346,09/17/2020,,346,5,SN0000346,1,333
347,01/07/2021,,347,2,SN0000347,1,262
348,01/18/2021,,348,3,SN0000348,1,500
349,04/18/2020,,349,3,SN0000349,1,116
350,08/05/2020,,350,2,SN0000350,1,273
351,12/02/2020,,351,4,SN0000351,1,314
352,08/06/2020,,352,5,SN0000352,1,490
353,06/22/2020,,353,2,SN0000353,1,313
354,11/04/2020,,354,2,SN0000354,1,224
355,08/02/2020,,355,1,SN0000355,1,377
356,07/14/2020,,356,2,SN0000356,1,469
357,02/05/2021,,357,2,SN0000357,1,345
358,03/17/2020,,358,2,SN0000358,1,292
359,08/16/2020,,359,5,SN0000359,1,556
360,01/28/2021,,360,3,SN0000360,1,461
361,07/11/2020,,361,2,SN0000361,1,252
362,12/29/2020,,362,1,SN0000362,1,148
363,11/01/2020,,363,2,SN0000363,1,334
364,12/27/2020,,364,5,SN0000364,1,36
365,07/01/2020,,365,5,SN0000365,1,491
366,12/11/2020,,366,3,SN0000366,1,418
367,08/23/2020,,367,3,SN0000367,1,5
368,03/29/2020,,368,5,SN0000368,1,544
369,04/17/2020,,369,3,SN0000369,1,367
370,07/10/2020,,370,3,SN0000370,1,144
371,07/12/2020,,371,1,SN0000371,1,192
372,02/05/2021,,372,1,SN0000372,1,512
373,04/27/2020,,373,4,SN0000373,1,215
374,10/13/2020,,374,3,SN0000374,1,137
375,03/05/2020,,375,2,SN0000375,1,435
376,11/04/2020,,376,2,SN0000376,1,387
377,04/16/2020,,377,2,SN0000377,1,133
378,02/24/2021,,378,4,SN0000378,1,22
379,03/30/2020,,379,2,SN0000379,1,184
380,01/02/2021,,380,1,SN0000380,1,247
381,08/30/2020,,381,4,SN0000381,1,515
382,03/04/2020,,382,2,SN0000382,1,330
383,10/16/2020,,383,2,SN0000383,1,82
384,12/14/2020,,384,3,SN0000384,1,438
385,10/28/2020,,385,4,SN0000385,1,96
386,03/19/2020,,386,4,SN0000386,1,52
387,04/07/2020,,387,3,SN0000387,1,181
388,04/30/2020,,388,5,SN0000388,1,82
389,12/21/2020,,389,1,SN0000389,1,127
390,09/07/2020,,390,3,SN0000390,1,227
391,10/15/2020,,391,3,SN0000391,1,502
392,06/17/2020,,392,5,SN0000392,1,222
393,06/29/2020,,393,2,SN0000393,1,362
394,12/12/2020,,394,3,SN0000394,1,368
395,03/15/2020,4.90392E+18,395,1,SN0000395,1,193
396,07/23/2020,3.54666E+15,396,1,SN0000396,1,455
397,08/30/2020,4.02196E+12,397,2,SN0000397,1,125
398,06/04/2020,5.00236E+15,398,4,SN0000398,1,245
399,10/04/2020,3.52973E+15,399,1,SN0000399,1,265
400,06/12/2020,3.57049E+15,400,1,SN0000400,1,518
401,08/24/2020,3.54222E+15,401,2,SN0000401,1,328
402,07/21/2020,3.57922E+15,402,5,SN0000402,1,422
403,02/17/2021,3.53432E+15,403,2,SN0000403,1,379
404,02/14/2021,6.75961E+15,404,4,SN0000404,1,565
405,09/10/2020,4.0416E+12,405,1,SN0000405,1,59
406,05/01/2020,5.89384E+17,406,1,SN0000406,1,486
407,03/01/2021,6.33111E+18,407,2,SN0000407,1,502
408,05/04/2020,5.89313E+16,408,5,SN0000408,1,3
409,12/11/2020,3.56723E+15,409,5,SN0000409,1,441
410,08/22/2020,3.0304E+13,410,5,SN0000410,1,90
411,03/06/2020,6.76326E+17,411,5,SN0000411,1,46
412,12/10/2020,5.50759E+15,412,1,SN0000412,1,267
413,09/16/2020,4.90376E+18,413,5,SN0000413,1,111
414,05/26/2020,3.54902E+15,414,2,SN0000414,1,93
415,08/29/2020,2.01419E+14,415,2,SN0000415,1,8
416,04/16/2020,3.65667E+13,416,4,SN0000416,1,121
417,01/04/2021,6.75959E+15,417,5,SN0000417,1,140
418,01/08/2021,3.58858E+15,418,1,SN0000418,1,428
419,03/09/2020,2.01746E+14,419,3,SN0000419,1,451
420,07/26/2020,3.01556E+13,420,3,SN0000420,1,434
421,08/19/2020,6.30456E+17,421,2,SN0000421,1,378
422,10/04/2020,4.91714E+15,422,4,SN0000422,1,91
423,11/05/2020,3.57298E+15,423,3,SN0000423,1,442
424,02/16/2021,6.75976E+18,424,1,SN0000424,1,152
425,04/30/2020,3.04371E+13,425,2,SN0000425,1,95
426,02/15/2021,2.01678E+14,426,1,SN0000426,1,188
427,01/30/2021,3.58471E+15,427,2,SN0000427,1,217
428,06/13/2020,3.58519E+15,428,4,SN0000428,1,269
429,01/23/2021,3.63023E+13,429,5,SN0000429,1,224
430,03/27/2020,3.0224E+13,430,5,SN0000430,1,81
431,12/22/2020,5.40231E+15,431,3,SN0000431,1,74
432,09/11/2020,5.60224E+15,432,4,SN0000432,1,237
433,09/21/2020,3.54066E+15,433,3,SN0000433,1,277
434,03/12/2020,4.17501E+15,434,4,SN0000434,1,378
435,09/30/2020,5.64183E+15,435,4,SN0000435,1,452
436,05/25/2020,4.93676E+17,436,2,SN0000436,1,325
437,01/02/2021,5.60225E+15,437,2,SN0000437,1,446
438,05/08/2020,4.02684E+15,438,1,SN0000438,1,381
439,04/11/2020,6.76354E+17,439,4,SN0000439,1,409
440,01/05/2021,5.60226E+15,440,5,SN0000440,1,299
441,08/18/2020,3.53063E+15,441,1,SN0000441,1,142
442,08/29/2020,3.57871E+15,442,4,SN0000442,1,503
443,10/12/2020,3.56599E+15,443,3,SN0000443,1,556
444,04/03/2020,3.53876E+15,444,4,SN0000444,1,382
445,05/11/2020,3.58285E+15,445,4,SN0000445,1,379
446,02/19/2021,2.01748E+14,446,1,SN0000446,1,250
447,08/12/2020,3.56887E+15,447,2,SN0000447,1,121
448,01/08/2021,4.40587E+15,448,2,SN0000448,1,261
449,08/20/2020,6.70621E+16,449,3,SN0000449,1,294
450,09/24/2020,6.04079E+17,450,4,SN0000450,1,66
451,12/30/2020,5.10018E+15,451,4,SN0000451,1,269
452,11/10/2020,3.04272E+13,452,2,SN0000452,1,349
453,08/11/2020,5.60226E+15,453,2,SN0000453,1,9
454,11/01/2020,5.10014E+15,454,4,SN0000454,1,95
455,01/21/2021,5.60223E+15,455,1,SN0000455,1,103
456,07/23/2020,6.37557E+15,456,2,SN0000456,1,32
457,03/25/2020,3.74288E+14,457,1,SN0000457,1,406
458,08/27/2020,3.58826E+15,458,4,SN0000458,1,24
459,03/24/2020,3.5448E+15,459,5,SN0000459,1,412
460,11/24/2020,2.01809E+14,460,2,SN0000460,1,123
461,01/30/2021,5.15401E+15,461,4,SN0000461,1,504
462,03/02/2021,3.54191E+15,462,1,SN0000462,1,103
463,11/15/2020,5.59029E+15,463,1,SN0000463,1,90
464,07/29/2020,3.43548E+14,464,4,SN0000464,1,481
465,09/14/2020,3.56578E+15,465,5,SN0000465,1,342
466,07/18/2020,3.48568E+14,466,5,SN0000466,1,167
467,09/16/2020,5.60226E+18,467,4,SN0000467,1,57
468,06/16/2020,4.84441E+15,468,5,SN0000468,1,174
469,10/06/2020,5.00236E+15,469,1,SN0000469,1,115
470,08/27/2020,3.56762E+15,470,1,SN0000470,1,114
471,07/28/2020,5.89324E+17,471,3,SN0000471,1,109
472,01/20/2021,3.54577E+15,472,5,SN0000472,1,391
473,06/19/2020,6.38675E+15,473,3,SN0000473,1,40
474,11/12/2020,4.91733E+15,474,4,SN0000474,1,119
475,03/21/2020,6.30497E+16,475,5,SN0000475,1,549
476,04/26/2020,4.93684E+18,476,1,SN0000476,1,107
477,10/11/2020,6.04962E+14,477,2,SN0000477,1,49
478,07/06/2020,3.57659E+15,478,1,SN0000478,1,447
479,09/13/2020,3.53318E+15,479,5,SN0000479,1,230
480,01/17/2021,3.55407E+15,480,3,SN0000480,1,519
481,09/13/2020,3.00888E+13,481,1,SN0000481,1,337
482,08/14/2020,3.56309E+15,482,4,SN0000482,1,238
483,03/24/2020,3.54986E+15,483,5,SN0000483,1,310
484,09/26/2020,3.05184E+13,484,3,SN0000484,1,119
485,01/31/2021,3.0515E+13,485,3,SN0000485,1,80
486,10/14/2020,3.37942E+14,486,4,SN0000486,1,386
487,04/06/2020,3.55304E+15,487,2,SN0000487,1,463
488,04/10/2020,3.56165E+15,488,1,SN0000488,1,464
489,05/14/2020,4.02692E+15,489,3,SN0000489,1,137
490,06/29/2020,3.55604E+15,490,1,SN0000490,1,44
491,06/01/2020,3.01909E+13,491,4,SN0000491,1,450
492,09/04/2020,3.57865E+15,492,3,SN0000492,1,129
493,01/17/2021,3.78225E+14,493,3,SN0000493,1,78
494,11/28/2020,5.6109E+15,494,5,SN0000494,1,470
495,03/28/2020,6.3915E+15,495,5,SN0000495,1,240
496,12/15/2020,3.52935E+15,496,2,SN0000496,1,560
497,02/27/2021,3.05813E+13,497,3,SN0000497,1,72
498,04/14/2020,3.57754E+15,498,4,SN0000498,1,268
499,07/06/2020,3.53502E+15,499,3,SN0000499,1,449
500,06/26/2020,4.93671E+17,500,4,SN0000500,1,538
501,06/16/2020,6.37985E+15,501,4,SN0000501,1,371
502,09/23/2020,3.73082E+14,502,5,SN0000502,1,167
503,03/07/2020,3.57307E+15,503,1,SN0000503,1,462
504,04/21/2020,3.58572E+15,504,2,SN0000504,1,314
505,04/23/2020,4.84478E+15,505,4,SN0000505,1,244
506,08/17/2020,4.04137E+12,506,1,SN0000506,1,331
507,01/04/2021,5.60226E+15,507,4,SN0000507,1,237
508,05/22/2020,5.00235E+15,508,2,SN0000508,1,556
509,08/21/2020,4.91183E+18,509,5,SN0000509,1,308
510,07/14/2020,6.76727E+15,510,5,SN0000510,1,133
511,03/09/2020,3.53957E+15,511,2,SN0000511,1,36
512,12/24/2020,6.707E+18,512,3,SN0000512,1,432
513,11/10/2020,5.00766E+15,513,4,SN0000513,1,298
514,09/01/2020,5.02006E+17,514,2,SN0000514,1,297
515,09/10/2020,3.53153E+15,515,5,SN0000515,1,269
516,10/06/2020,3.00487E+13,516,1,SN0000516,1,437
517,11/29/2020,6.38805E+15,517,4,SN0000517,1,499
518,11/21/2020,3.55851E+15,518,2,SN0000518,1,537
519,10/23/2020,6.30468E+18,519,2,SN0000519,1,224
520,01/19/2021,3.5855E+15,520,2,SN0000520,1,335
521,08/31/2020,3.53483E+15,521,1,SN0000521,1,402
522,02/21/2021,5.61058E+15,522,4,SN0000522,1,11
523,02/04/2021,5.60223E+16,523,1,SN0000523,1,392
524,09/01/2020,3.74284E+14,524,5,SN0000524,1,470
525,01/16/2021,3.5808E+15,525,3,SN0000525,1,564
526,08/31/2020,4.40504E+15,526,1,SN0000526,1,125
527,10/26/2020,3.53035E+15,527,3,SN0000527,1,285
528,05/12/2020,6.30426E+16,528,2,SN0000528,1,91
529,06/21/2020,4.40534E+15,529,3,SN0000529,1,51
530,02/22/2021,3.56626E+15,530,1,SN0000530,1,479
531,03/19/2020,3.02135E+13,531,5,SN0000531,1,443
532,03/26/2020,3.58247E+15,532,2,SN0000532,1,564
533,11/04/2020,5.61018E+18,533,5,SN0000533,1,258
534,01/21/2021,3.74289E+14,534,2,SN0000534,1,430
535,06/18/2020,5.60222E+15,535,2,SN0000535,1,430
536,11/13/2020,3.58886E+15,536,3,SN0000536,1,124
537,11/14/2020,3.0116E+13,537,2,SN0000537,1,138
538,11/10/2020,3.53945E+15,538,1,SN0000538,1,211
539,06/26/2020,3.56141E+15,539,4,SN0000539,1,559
540,09/28/2020,5.60222E+15,540,4,SN0000540,1,29
541,10/04/2020,3.03339E+13,541,1,SN0000541,1,98
542,01/03/2021,3.55778E+15,542,5,SN0000542,1,361
543,12/03/2020,5.10014E+15,543,5,SN0000543,1,175
544,10/30/2020,5.60225E+18,544,3,SN0000544,1,338
545,08/22/2020,5.34726E+15,545,1,SN0000545,1,314
546,07/26/2020,6.30415E+17,546,5,SN0000546,1,422
547,01/19/2021,3.57204E+15,547,2,SN0000547,1,219
548,11/21/2020,6.33378E+18,548,1,SN0000548,1,25
549,02/01/2021,5.10018E+15,549,2,SN0000549,1,195
550,09/25/2020,3.5627E+15,550,2,SN0000550,1,128
551,04/18/2020,2.01725E+14,551,3,SN0000551,1,244
552,02/01/2021,3.55516E+15,552,3,SN0000552,1,63
553,09/29/2020,3.55078E+15,553,3,SN0000553,1,452
554,02/14/2021,3.56126E+15,554,5,SN0000554,1,347
555,12/09/2020,3.52846E+15,555,3,SN0000555,1,496
556,10/01/2020,3.58839E+15,556,4,SN0000556,1,465
557,10/14/2020,5.00235E+15,557,2,SN0000557,1,561
558,08/07/2020,3.54533E+15,558,2,SN0000558,1,498
559,02/13/2021,5.00766E+15,559,5,SN0000559,1,234
560,12/16/2020,2.01663E+14,560,3,SN0000560,1,238
561,02/21/2021,5.60225E+15,561,2,SN0000561,1,376
562,06/04/2020,6.33111E+18,562,4,SN0000562,1,257
563,09/26/2020,3.5735E+15,563,5,SN0000563,1,310
564,12/14/2020,3.04404E+13,564,4,SN0000564,1,338
565,07/15/2020,5.10013E+15,565,2,SN0000565,1,323
566,01/03/2021,4.50852E+15,566,4,SN0000566,1,318
567,04/07/2020,3.53991E+15,567,2,SN0000567,1,16
568,05/17/2020,5.10875E+15,568,3,SN0000568,1,67
569,10/11/2020,5.04837E+15,569,2,SN0000569,1,102
570,01/09/2021,5.60222E+15,570,1,SN0000570,1,412
571,06/28/2020,3.56145E+15,571,5,SN0000571,1,191
572,07/31/2020,5.60225E+15,572,3,SN0000572,1,408
573,08/03/2020,3.56439E+15,573,2,SN0000573,1,157
574,02/16/2021,4.35008E+15,574,2,SN0000574,1,151
575,07/02/2020,3.53975E+15,575,5,SN0000575,1,189
576,10/22/2020,3.58372E+15,576,4,SN0000576,1,316
577,10/17/2020,3.54179E+15,577,4,SN0000577,1,9
578,03/07/2020,3.00046E+13,578,4,SN0000578,1,558
579,12/17/2020,3.54781E+15,579,2,SN0000579,1,93
580,02/08/2021,3.5614E+15,580,3,SN0000580,1,228
581,01/02/2021,3.53129E+15,581,3,SN0000581,1,248
582,06/22/2020,3.56359E+15,582,2,SN0000582,1,404
583,01/27/2021,6.75947E+15,583,1,SN0000583,1,459
584,10/25/2020,5.60221E+15,584,5,SN0000584,1,67
585,07/19/2020,6.37032E+15,585,1,SN0000585,1,482
586,09/03/2020,3.54289E+15,586,5,SN0000586,1,460
587,04/24/2020,3.57358E+15,587,2,SN0000587,1,544
588,08/01/2020,3.58481E+15,588,4,SN0000588,1,545
589,04/08/2020,3.01022E+13,589,3,SN0000589,1,316
590,06/15/2020,3.55828E+15,590,3,SN0000590,1,5
591,10/02/2020,3.55621E+15,591,4,SN0000591,1,164
592,02/22/2021,3.55981E+15,592,2,SN0000592,1,131
593,04/05/2020,5.60224E+18,593,1,SN0000593,1,335
594,01/24/2021,3.54251E+15,594,2,SN0000594,1,314
595,04/16/2020,3.54178E+15,595,3,SN0000595,1,455
596,01/20/2021,3.54975E+15,596,3,SN0000596,1,124
597,11/19/2020,3.5322E+15,597,1,SN0000597,1,432
598,04/25/2020,4.91107E+17,598,3,SN0000598,1,379
599,02/22/2021,4.93603E+15,599,1,SN0000599,1,279
600,05/06/2020,3.58741E+15,600,2,SN0000600,1,443
601,02/16/2021,3.56691E+15,601,2,SN0000601,1,252
602,01/15/2021,5.5638E+15,602,5,SN0000602,1,274
603,06/05/2020,5.02075E+16,603,5,SN0000603,1,225
604,11/22/2020,5.10018E+15,604,3,SN0000604,1,222
605,09/14/2020,5.60225E+15,605,5,SN0000605,1,436
606,06/02/2020,3.53444E+15,606,1,SN0000606,1,478
607,03/13/2020,5.60224E+15,607,3,SN0000607,1,224
608,11/23/2020,2.01633E+14,608,3,SN0000608,1,127
609,03/13/2020,3.57908E+15,609,3,SN0000609,1,482
610,05/09/2020,3.57702E+15,610,1,SN0000610,1,209
611,10/28/2020,3.0305E+13,611,2,SN0000611,1,201
612,02/18/2021,4.04138E+12,612,3,SN0000612,1,86
613,02/28/2021,5.60223E+18,613,1,SN0000613,1,525
614,09/07/2020,3.7158E+14,614,4,SN0000614,1,462
615,12/14/2020,5.60221E+15,615,4,SN0000615,1,251
616,06/03/2020,3.54098E+15,616,3,SN0000616,1,298
617,03/30/2020,6.76236E+17,617,5,SN0000617,1,559
618,02/25/2021,3.55161E+15,618,4,SN0000618,1,552
619,11/28/2020,3.57798E+15,619,4,SN0000619,1,329
620,06/19/2020,3.56224E+15,620,2,SN0000620,1,102
621,04/10/2020,3.54936E+15,621,3,SN0000621,1,186
622,07/24/2020,2.01983E+14,622,1,SN0000622,1,467
623,08/11/2020,6.3955E+15,623,4,SN0000623,1,551
624,06/08/2020,3.57098E+15,624,1,SN0000624,1,148
625,01/07/2021,3.54632E+15,625,4,SN0000625,1,134
626,03/06/2020,3.54378E+15,626,3,SN0000626,1,300
627,07/22/2020,6.75942E+18,627,1,SN0000627,1,286
628,02/26/2021,3.58538E+15,628,2,SN0000628,1,441
629,11/30/2020,3.57452E+15,629,5,SN0000629,1,41
630,10/02/2020,2.01489E+14,630,4,SN0000630,1,256
631,01/22/2021,5.61085E+18,631,1,SN0000631,1,304
632,08/16/2020,3.5348E+15,632,1,SN0000632,1,409
633,02/03/2021,3.55835E+15,633,1,SN0000633,1,69
634,04/04/2020,3.54192E+15,634,2,SN0000634,1,545
635,05/25/2020,3.54875E+15,635,4,SN0000635,1,37
636,07/14/2020,6.3338E+15,636,2,SN0000636,1,77
637,06/18/2020,2.01601E+14,637,4,SN0000637,1,40
638,01/20/2021,3.01937E+13,638,4,SN0000638,1,218
639,12/25/2020,3.57417E+15,639,3,SN0000639,1,456
640,02/18/2021,3.43283E+14,640,4,SN0000640,1,112
641,06/07/2020,3.58889E+15,641,4,SN0000641,1,94
642,05/11/2020,5.10018E+15,642,1,SN0000642,1,24
643,11/02/2020,3.55347E+15,643,4,SN0000643,1,58
644,03/19/2020,6.37408E+15,644,5,SN0000644,1,382
645,11/13/2020,3.5639E+15,645,4,SN0000645,1,363
646,10/09/2020,4.04137E+15,646,1,SN0000646,1,251
647,10/27/2020,3.74623E+14,647,2,SN0000647,1,250
648,04/24/2020,3.53375E+15,648,2,SN0000648,1,11
649,08/10/2020,5.10015E+15,649,3,SN0000649,1,493
650,03/29/2020,4.91767E+15,650,3,SN0000650,1,207
651,10/25/2020,5.01013E+15,651,2,SN0000651,1,122
652,08/28/2020,3.58382E+15,652,5,SN0000652,1,6
653,11/07/2020,5.60222E+15,653,4,SN0000653,1,366
654,03/22/2020,6.76377E+18,654,2,SN0000654,1,419
655,09/16/2020,3.37942E+14,655,5,SN0000655,1,185
656,05/18/2020,3.54833E+15,656,2,SN0000656,1,283
657,09/10/2020,4.8445E+15,657,4,SN0000657,1,491
658,12/26/2020,5.61081E+15,658,4,SN0000658,1,155
659,06/20/2020,5.89358E+15,659,1,SN0000659,1,428
660,09/21/2020,5.03833E+15,660,3,SN0000660,1,326
661,11/23/2020,5.60225E+17,661,5,SN0000661,1,85
662,05/23/2020,4.90372E+15,662,3,SN0000662,1,74
663,12/03/2020,3.54443E+15,663,1,SN0000663,1,357
664,01/09/2021,6.3311E+17,664,5,SN0000664,1,229
665,06/29/2020,4.84422E+15,665,1,SN0000665,1,176
666,05/10/2020,5.60225E+17,666,2,SN0000666,1,154
667,09/18/2020,6.76225E+16,667,2,SN0000667,1,500
668,12/05/2020,6.30437E+18,668,3,SN0000668,1,271
669,02/18/2021,3.53074E+15,669,3,SN0000669,1,143
670,08/10/2020,3.74283E+14,670,4,SN0000670,1,39
671,11/23/2020,3.57558E+15,671,4,SN0000671,1,74
672,04/30/2020,3.57913E+15,672,2,SN0000672,1,79
673,05/29/2020,3.55213E+15,673,5,SN0000673,1,43
674,11/01/2020,3.53201E+15,674,5,SN0000674,1,413
675,05/03/2020,3.55877E+15,675,5,SN0000675,1,476
676,08/30/2020,3.5869E+15,676,5,SN0000676,1,237
677,01/20/2021,3.55635E+15,677,2,SN0000677,1,3
678,10/03/2020,4.04159E+12,678,3,SN0000678,1,87
679,12/24/2020,3.54933E+15,679,1,SN0000679,1,49
680,11/11/2020,3.54856E+15,680,5,SN0000680,1,280
681,10/30/2020,5.04837E+15,681,4,SN0000681,1,516
682,07/17/2020,3.53307E+15,682,1,SN0000682,1,416
683,10/04/2020,5.10018E+15,683,1,SN0000683,1,409
684,05/21/2020,3.57676E+15,684,5,SN0000684,1,268
685,02/03/2021,5.60221E+15,685,1,SN0000685,1,335
686,03/21/2020,5.10017E+15,686,1,SN0000686,1,356
687,05/23/2020,6.75963E+18,687,2,SN0000687,1,38
688,05/20/2020,3.57017E+15,688,2,SN0000688,1,324
689,03/23/2020,5.02037E+18,689,5,SN0000689,1,294
690,10/03/2020,6.76249E+17,690,3,SN0000690,1,301
691,10/13/2020,5.60225E+15,691,5,SN0000691,1,348
692,07/19/2020,5.59993E+15,692,3,SN0000692,1,549
693,10/05/2020,4.175E+15,693,3,SN0000693,1,548
694,06/22/2020,3.55978E+15,694,2,SN0000694,1,307
695,06/30/2020,5.61053E+15,695,1,SN0000695,1,298
696,08/28/2020,4.04137E+12,696,2,SN0000696,1,305
697,02/23/2021,5.61073E+15,697,2,SN0000697,1,25
698,12/27/2020,6.30433E+17,698,1,SN0000698,1,120
699,04/21/2020,3.55034E+15,699,5,SN0000699,1,70
700,11/07/2020,3.57481E+15,700,4,SN0000700,1,136
701,12/22/2020,3.57408E+15,701,5,SN0000701,1,263
702,12/16/2020,3.54511E+15,702,5,SN0000702,1,51
703,03/27/2020,5.10014E+15,703,5,SN0000703,1,72
704,10/17/2020,4.91326E+15,704,1,SN0000704,1,63
705,10/03/2020,6.75923E+16,705,3,SN0000705,1,465
706,11/02/2020,6.04322E+14,706,4,SN0000706,1,191
707,08/07/2020,4.91337E+15,707,2,SN0000707,1,332
708,05/23/2020,6.75931E+15,708,5,SN0000708,1,403
709,10/11/2020,3.54748E+15,709,1,SN0000709,1,279
710,01/01/2021,3.54427E+15,710,2,SN0000710,1,357
711,07/24/2020,3.40633E+14,711,4,SN0000711,1,308
712,11/04/2020,3.53945E+15,712,5,SN0000712,1,232
713,12/14/2020,3.56909E+15,713,1,SN0000713,1,395
714,08/06/2020,3.57277E+15,714,1,SN0000714,1,336
715,05/05/2020,5.61011E+15,715,1,SN0000715,1,107
716,09/01/2020,5.10876E+15,716,4,SN0000716,1,400
717,05/18/2020,3.57098E+15,717,5,SN0000717,1,223
718,06/17/2020,5.10013E+15,718,2,SN0000718,1,535
719,12/15/2020,3.74284E+14,719,1,SN0000719,1,536
720,10/07/2020,3.54403E+15,720,3,SN0000720,1,544
721,11/27/2020,3.54153E+15,721,4,SN0000721,1,84
722,05/23/2020,6.38847E+15,722,1,SN0000722,1,451
723,11/18/2020,5.10017E+15,723,1,SN0000723,1,331
724,10/05/2020,3.52806E+15,724,5,SN0000724,1,373
725,01/19/2021,4.00444E+12,725,5,SN0000725,1,290
726,10/15/2020,3.56167E+15,726,3,SN0000726,1,3
727,06/04/2020,3.53058E+15,727,5,SN0000727,1,197
728,12/14/2020,3.56394E+15,728,4,SN0000728,1,211
729,05/07/2020,6.70692E+16,729,2,SN0000729,1,400
730,09/13/2020,6.7616E+16,730,2,SN0000730,1,189
731,07/18/2020,3.01977E+13,731,3,SN0000731,1,527
732,12/22/2020,3.56924E+15,732,1,SN0000732,1,419
733,08/24/2020,3.554E+15,733,2,SN0000733,1,176
734,05/20/2020,3.56078E+15,734,4,SN0000734,1,188
735,12/23/2020,3.56142E+15,735,1,SN0000735,1,429
736,12/07/2020,3.54945E+15,736,4,SN0000736,1,424
737,05/14/2020,4.90354E+15,737,1,SN0000737,1,393
738,06/28/2020,3.58955E+15,738,5,SN0000738,1,195
739,09/27/2020,6.76201E+15,739,3,SN0000739,1,425
740,05/10/2020,3.56406E+15,740,1,SN0000740,1,353
741,11/14/2020,3.74289E+14,741,1,SN0000741,1,475
742,04/02/2020,6.76756E+15,742,2,SN0000742,1,467
743,09/23/2020,3.5749E+15,743,3,SN0000743,1,353
744,07/05/2020,3.54737E+15,744,3,SN0000744,1,140
745,06/03/2020,6.39512E+15,745,1,SN0000745,1,430
746,06/26/2020,3.56555E+15,746,2,SN0000746,1,474
747,09/13/2020,5.01012E+15,747,4,SN0000747,1,360
748,02/06/2021,5.89381E+17,748,1,SN0000748,1,403
749,12/10/2020,3.57706E+15,749,4,SN0000749,1,530
750,05/24/2020,3.57134E+15,750,4,SN0000750,1,287
751,09/04/2020,5.44094E+15,751,1,SN0000751,1,211
752,10/27/2020,6.38406E+15,752,2,SN0000752,1,128
753,10/26/2020,4.50872E+15,753,2,SN0000753,1,355
754,07/23/2020,6.3042E+17,754,4,SN0000754,1,319
755,07/24/2020,3.72301E+14,755,5,SN0000755,1,395
756,03/19/2020,3.5823E+15,756,4,SN0000756,1,92
757,04/27/2020,5.61012E+18,757,3,SN0000757,1,476
758,10/21/2020,3.57173E+15,758,3,SN0000758,1,131
759,08/19/2020,3.54783E+15,759,1,SN0000759,1,479
760,09/18/2020,5.6105E+15,760,1,SN0000760,1,316
761,04/25/2020,3.58034E+15,761,4,SN0000761,1,167
762,12/20/2020,3.56768E+15,762,1,SN0000762,1,508
763,08/07/2020,5.40957E+15,763,2,SN0000763,1,202
764,12/24/2020,3.55567E+15,764,3,SN0000764,1,21
765,05/20/2020,3.54657E+15,765,2,SN0000765,1,526
766,01/05/2021,4.90559E+18,766,5,SN0000766,1,297
767,06/12/2020,6.76134E+18,767,4,SN0000767,1,27
768,01/08/2021,3.54177E+15,768,1,SN0000768,1,285
769,06/23/2020,5.60223E+15,769,4,SN0000769,1,303
770,06/30/2020,3.04321E+13,770,3,SN0000770,1,228
771,05/04/2020,3.54127E+15,771,1,SN0000771,1,543
772,06/18/2020,5.45183E+15,772,5,SN0000772,1,344
773,06/16/2020,3.58398E+15,773,2,SN0000773,1,322
774,10/25/2020,3.5635E+15,774,2,SN0000774,1,364
775,11/17/2020,3.5596E+15,775,1,SN0000775,1,25
776,08/09/2020,2.01639E+14,776,2,SN0000776,1,44
777,04/22/2020,3.56401E+15,777,2,SN0000777,1,372
778,08/12/2020,3.5531E+15,778,1,SN0000778,1,383
779,02/15/2021,5.10017E+15,779,1,SN0000779,1,4
780,02/21/2021,3.55833E+15,780,3,SN0000780,1,139
781,01/29/2021,5.64183E+17,781,2,SN0000781,1,244
782,08/09/2020,4.84459E+15,782,3,SN0000782,1,487
783,05/11/2020,6.04397E+14,783,1,SN0000783,1,357
784,12/21/2020,3.56548E+15,784,3,SN0000784,1,404
785,11/21/2020,5.03812E+15,785,1,SN0000785,1,303
786,02/22/2021,3.54424E+15,786,1,SN0000786,1,478
787,08/25/2020,6.3331E+17,787,2,SN0000787,1,411
788,07/24/2020,3.53453E+15,788,5,SN0000788,1,461
789,05/12/2020,6.75944E+17,789,1,SN0000789,1,531
790,08/18/2020,5.3145E+15,790,4,SN0000790,1,304
791,08/01/2020,5.10014E+15,791,1,SN0000791,1,137
792,08/19/2020,3.57853E+15,792,1,SN0000792,1,108
793,03/28/2020,6.33497E+15,793,2,SN0000793,1,459
794,12/24/2020,3.00567E+13,794,3,SN0000794,1,515
795,01/01/2021,3.53828E+15,795,2,SN0000795,1,550
796,01/05/2021,6.76251E+15,796,1,SN0000796,1,142
797,06/20/2020,3.56635E+15,797,2,SN0000797,1,542
798,11/09/2020,3.54092E+15,798,1,SN0000798,1,539
799,09/01/2020,3.54388E+15,799,5,SN0000799,1,486
800,04/20/2020,4.05868E+12,800,2,SN0000800,1,282
801,06/17/2020,3.58175E+15,801,3,SN0000801,1,113
802,06/27/2020,3.56563E+15,802,3,SN0000802,1,548
803,12/23/2020,5.10017E+15,803,1,SN0000803,1,273
804,08/19/2020,6.30458E+18,804,1,SN0000804,1,477
805,01/23/2021,3.52944E+15,805,4,SN0000805,1,525
806,01/02/2021,3.0496E+13,806,2,SN0000806,1,233
807,04/22/2020,3.58113E+15,807,2,SN0000807,1,187
808,07/04/2020,5.60222E+15,808,2,SN0000808,1,281
809,09/27/2020,4.01795E+15,809,1,SN0000809,1,330
810,11/12/2020,3.58228E+15,810,3,SN0000810,1,110
811,12/01/2020,6.76237E+15,811,3,SN0000811,1,432
812,01/30/2021,5.60223E+15,812,1,SN0000812,1,352
813,11/14/2020,3.57328E+15,813,1,SN0000813,1,306
814,11/07/2020,5.59744E+15,814,5,SN0000814,1,154
815,12/13/2020,3.56328E+15,815,2,SN0000815,1,87
816,04/12/2020,3.56111E+15,816,2,SN0000816,1,65
817,06/22/2020,6.70624E+17,817,1,SN0000817,1,229
818,10/31/2020,4.90584E+18,818,3,SN0000818,1,110
819,09/19/2020,3.53902E+15,819,1,SN0000819,1,234
820,09/22/2020,3.5673E+15,820,1,SN0000820,1,511
821,04/04/2020,5.61011E+15,821,2,SN0000821,1,374
822,06/21/2020,3.53376E+15,822,5,SN0000822,1,471
823,06/30/2020,3.58003E+15,823,5,SN0000823,1,127
824,06/30/2020,3.55013E+15,824,3,SN0000824,1,1
825,11/13/2020,4.01795E+15,825,1,SN0000825,1,108
826,06/19/2020,3.58295E+15,826,4,SN0000826,1,97
827,11/23/2020,6.3311E+18,827,2,SN0000827,1,325
828,06/02/2020,3.58631E+15,828,5,SN0000828,1,232
829,07/16/2020,3.58012E+15,829,1,SN0000829,1,397
830,09/30/2020,5.16461E+15,830,3,SN0000830,1,380
831,09/22/2020,6.37862E+15,831,5,SN0000831,1,30
832,05/13/2020,3.63501E+13,832,3,SN0000832,1,478
833,09/15/2020,3.5303E+15,833,4,SN0000833,1,144
834,03/30/2020,3.57838E+15,834,3,SN0000834,1,522
835,01/18/2021,3.53353E+15,835,4,SN0000835,1,484
836,05/31/2020,3.58802E+15,836,2,SN0000836,1,222
837,12/03/2020,3.56592E+15,837,5,SN0000837,1,433
838,08/07/2020,6.04408E+15,838,3,SN0000838,1,61
839,11/17/2020,5.34855E+15,839,4,SN0000839,1,310
840,09/16/2020,3.52885E+15,840,3,SN0000840,1,74
841,10/03/2020,6.75907E+15,841,1,SN0000841,1,319
842,05/15/2020,3.55661E+15,842,4,SN0000842,1,263
843,12/11/2020,3.74289E+14,843,4,SN0000843,1,381
844,07/27/2020,3.5792E+15,844,3,SN0000844,1,139
845,02/05/2021,3.55303E+15,845,3,SN0000845,1,61
846,03/04/2020,3.54247E+15,846,4,SN0000846,1,469
847,08/18/2020,3.53289E+15,847,2,SN0000847,1,37
848,03/29/2020,3.57362E+15,848,5,SN0000848,1,141
849,10/01/2020,3.0468E+13,849,4,SN0000849,1,29
850,09/13/2020,4.84413E+15,850,2,SN0000850,1,16
851,06/16/2020,3.74622E+14,851,4,SN0000851,1,77
852,09/21/2020,3.57571E+15,852,2,SN0000852,1,264
853,02/15/2021,6.30461E+16,853,2,SN0000853,1,115
854,05/27/2020,3.57173E+15,854,4,SN0000854,1,385
855,07/05/2020,3.5815E+15,855,4,SN0000855,1,272
856,12/26/2020,3.57304E+15,856,2,SN0000856,1,339
857,07/12/2020,6.04536E+17,857,2,SN0000857,1,178
858,07/14/2020,3.74622E+14,858,5,SN0000858,1,500
859,07/13/2020,3.5462E+15,859,5,SN0000859,1,37
860,04/13/2020,5.60222E+15,860,2,SN0000860,1,460
861,06/26/2020,5.10018E+15,861,1,SN0000861,1,249
862,08/16/2020,3.04556E+13,862,5,SN0000862,1,380
863,04/02/2020,3.58875E+15,863,3,SN0000863,1,135
864,11/20/2020,5.55775E+15,864,3,SN0000864,1,191
865,01/20/2021,3.55266E+15,865,5,SN0000865,1,246
866,02/06/2021,3.56355E+15,866,3,SN0000866,1,93
867,04/21/2020,4.91301E+15,867,3,SN0000867,1,135
868,02/16/2021,3.74289E+14,868,5,SN0000868,1,85
869,09/09/2020,3.54277E+15,869,5,SN0000869,1,146
870,01/14/2021,3.74288E+14,870,1,SN0000870,1,262
871,11/25/2020,5.44626E+15,871,3,SN0000871,1,53
872,06/18/2020,5.1293E+15,872,4,SN0000872,1,258
873,07/23/2020,3.54905E+15,873,3,SN0000873,1,270
874,11/28/2020,5.60223E+17,874,1,SN0000874,1,216
875,03/19/2020,5.56719E+15,875,3,SN0000875,1,454
876,07/02/2020,3.53968E+15,876,4,SN0000876,1,81
877,03/25/2020,6.70667E+15,877,4,SN0000877,1,120
878,12/06/2020,5.60226E+15,878,4,SN0000878,1,469
879,07/08/2020,3.56482E+15,879,1,SN0000879,1,2
880,06/04/2020,6.76334E+15,880,5,SN0000880,1,393
881,03/04/2020,4.7762E+15,881,2,SN0000881,1,482
882,06/25/2020,3.02342E+13,882,4,SN0000882,1,424
883,08/03/2020,3.55396E+15,883,2,SN0000883,1,80
884,05/19/2020,3.57502E+15,884,1,SN0000884,1,291
885,03/09/2020,3.56094E+15,885,2,SN0000885,1,450
886,10/28/2020,5.25288E+15,886,3,SN0000886,1,91
887,02/06/2021,5.60224E+18,887,2,SN0000887,1,76
888,08/01/2020,3.5741E+15,888,1,SN0000888,1,433
889,03/30/2020,5.46863E+15,889,3,SN0000889,1,153
890,04/19/2020,3.57816E+15,890,3,SN0000890,1,470
891,03/10/2020,3.72301E+14,891,2,SN0000891,1,318
892,11/10/2020,3.55869E+15,892,4,SN0000892,1,303
893,11/29/2020,3.53951E+15,893,5,SN0000893,1,78
894,05/21/2020,3.54384E+15,894,3,SN0000894,1,134
895,09/23/2020,3.53279E+15,895,5,SN0000895,1,470
896,01/20/2021,3.57484E+15,896,3,SN0000896,1,447
897,12/11/2020,4.02614E+15,897,1,SN0000897,1,32
898,09/01/2020,3.53993E+15,898,3,SN0000898,1,550
899,02/05/2021,3.57974E+15,899,5,SN0000899,1,191
900,04/06/2020,3.57138E+15,900,4,SN0000900,1,79
901,02/26/2021,2.01549E+14,901,5,SN0000901,1,19
902,10/24/2020,4.04138E+12,902,2,SN0000902,1,20
903,09/29/2020,3.55385E+15,903,4,SN0000903,1,142
904,05/31/2020,2.01986E+14,904,4,SN0000904,1,314
905,01/19/2021,5.04838E+15,905,4,SN0000905,1,302
906,12/16/2020,3.74289E+14,906,1,SN0000906,1,498
907,01/03/2021,6.3311E+17,907,5,SN0000907,1,148
908,11/28/2020,3.57249E+15,908,3,SN0000908,1,370
909,03/29/2020,6.39405E+15,909,4,SN0000909,1,105
910,01/07/2021,4.175E+15,910,3,SN0000910,1,565
911,03/06/2020,3.74622E+14,911,4,SN0000911,1,306
912,01/29/2021,3.55291E+15,912,3,SN0000912,1,529
913,09/22/2020,5.00767E+15,913,5,SN0000913,1,6
914,10/30/2020,5.10018E+15,914,2,SN0000914,1,7
915,03/02/2021,3.5747E+15,915,2,SN0000915,1,524
916,04/15/2020,3.57063E+15,916,1,SN0000916,1,311
917,08/09/2020,5.10014E+15,917,1,SN0000917,1,112
918,08/21/2020,3.55515E+15,918,5,SN0000918,1,269
919,06/27/2020,3.57077E+15,919,5,SN0000919,1,415
920,02/10/2021,5.60226E+15,920,5,SN0000920,1,550
921,07/21/2020,6.76118E+16,921,3,SN0000921,1,524
922,11/05/2020,2.01933E+14,922,4,SN0000922,1,223
923,09/07/2020,3.55492E+15,923,1,SN0000923,1,522
924,07/16/2020,3.57543E+15,924,1,SN0000924,1,343
925,09/25/2020,3.53977E+15,925,3,SN0000925,1,200
926,12/14/2020,6.37057E+15,926,4,SN0000926,1,46
927,11/11/2020,3.53087E+15,927,4,SN0000927,1,74
928,06/11/2020,3.58708E+15,928,1,SN0000928,1,401
929,05/23/2020,3.54776E+15,929,1,SN0000929,1,504
930,06/16/2020,4.90576E+17,930,5,SN0000930,1,446
931,07/04/2020,3.53517E+15,931,2,SN0000931,1,505
932,10/29/2020,3.58861E+15,932,2,SN0000932,1,302
933,05/23/2020,3.534E+15,933,2,SN0000933,1,249
934,09/06/2020,5.01884E+18,934,1,SN0000934,1,319
935,06/13/2020,3.72302E+14,935,5,SN0000935,1,169
936,08/10/2020,3.03858E+13,936,3,SN0000936,1,197
937,03/02/2021,3.55757E+15,937,2,SN0000937,1,263
938,10/27/2020,4.1486E+12,938,4,SN0000938,1,434
939,06/01/2020,4.90305E+18,939,5,SN0000939,1,438
940,09/02/2020,6.33111E+15,940,1,SN0000940,1,60
941,07/16/2020,3.5573E+15,941,1,SN0000941,1,78
942,03/01/2021,5.60221E+16,942,4,SN0000942,1,265
943,05/29/2020,3.53669E+15,943,3,SN0000943,1,405
944,11/04/2020,5.60223E+15,944,5,SN0000944,1,345
945,03/14/2020,5.10013E+15,945,4,SN0000945,1,384
946,09/27/2020,3.55323E+15,946,5,SN0000946,1,67
947,11/19/2020,2.01834E+14,947,4,SN0000947,1,188
948,07/04/2020,3.00332E+13,948,4,SN0000948,1,23
949,03/02/2021,5.00236E+15,949,3,SN0000949,1,169
950,05/07/2020,6.33361E+15,950,5,SN0000950,1,316
951,09/03/2020,3.53802E+15,951,5,SN0000951,1,238
952,10/25/2020,5.60225E+17,952,2,SN0000952,1,317
953,05/21/2020,4.90512E+17,953,5,SN0000953,1,174
954,04/11/2020,4.93604E+18,954,3,SN0000954,1,470
955,04/21/2020,5.02083E+18,955,1,SN0000955,1,446
956,12/12/2020,3.53079E+15,956,5,SN0000956,1,284
957,03/01/2021,3.58608E+15,957,5,SN0000957,1,557
958,01/25/2021,5.60225E+16,958,3,SN0000958,1,319
959,03/25/2020,3.55857E+15,959,4,SN0000959,1,230
960,07/19/2020,3.03054E+13,960,3,SN0000960,1,540
961,07/15/2020,3.53804E+15,961,3,SN0000961,1,33
962,01/27/2021,3.57396E+15,962,2,SN0000962,1,122
963,02/20/2021,3.72302E+14,963,1,SN0000963,1,198
964,02/02/2021,3.57331E+15,964,4,SN0000964,1,131
965,09/11/2020,5.60224E+16,965,1,SN0000965,1,562
966,07/16/2020,3.37941E+14,966,3,SN0000966,1,328
967,01/01/2021,5.61007E+15,967,3,SN0000967,1,309
968,01/02/2021,6.70998E+18,968,2,SN0000968,1,421
969,06/29/2020,3.53952E+15,969,2,SN0000969,1,214
970,08/19/2020,3.54689E+15,970,2,SN0000970,1,263
971,03/18/2020,3.56849E+15,971,2,SN0000971,1,223
972,09/04/2020,6.70963E+18,972,1,SN0000972,1,336
973,05/31/2020,5.10876E+15,973,3,SN0000973,1,236
974,03/21/2020,5.01859E+17,974,3,SN0000974,1,107
975,08/07/2020,6.7618E+16,975,5,SN0000975,1,477
976,06/20/2020,3.56543E+15,976,3,SN0000976,1,86
977,07/11/2020,3.58486E+15,977,4,SN0000977,1,392
978,08/24/2020,4.01796E+12,978,1,SN0000978,1,267
979,07/30/2020,3.02121E+13,979,3,SN0000979,1,342
980,08/13/2020,2.0198E+14,980,3,SN0000980,1,135
981,10/20/2020,3.57116E+15,981,2,SN0000981,1,118
982,09/29/2020,6.76344E+17,982,5,SN0000982,1,503
983,05/08/2020,5.03819E+17,983,5,SN0000983,1,150
984,04/18/2020,3.54641E+15,984,2,SN0000984,1,282
985,07/28/2020,3.56737E+15,985,5,SN0000985,1,525
986,05/20/2020,3.56149E+15,986,3,SN0000986,1,483
987,09/13/2020,2.01648E+14,987,3,SN0000987,1,456
988,07/09/2020,3.57441E+15,988,3,SN0000988,1,485
989,03/24/2020,2.01404E+14,989,2,SN0000989,1,549
990,11/28/2020,3.54309E+15,990,4,SN0000990,1,299
991,10/07/2020,6.30434E+18,991,3,SN0000991,1,518
992,04/09/2020,3.55704E+15,992,4,SN0000992,1,126
993,11/08/2020,4.90361E+17,993,3,SN0000993,1,93
994,01/08/2021,4.90505E+18,994,4,SN0000994,1,497
995,01/02/2021,5.60224E+16,995,1,SN0000995,1,268
996,03/18/2020,3.53223E+15,996,2,SN0000996,1,181
997,10/24/2020,5.10876E+15,997,2,SN0000997,1,46
998,02/28/2021,3.54565E+15,998,3,SN0000998,1,113
999,04/18/2020,3.53939E+15,999,4,SN0000999,1,397
1000,01/25/2021,3.54875E+15,1000,1,SN0001000,1,130
